"","boruta_class_RA"
"Bacteroidetes_1027","Tentative"
"Bacteroidetes_1111","Tentative"
"Bacteroidetes_1115","Tentative"
"Bacteroidetes_1124","Confirmed"
"Bacteroidetes_1149","Confirmed"
"Bacteroidetes_518","Confirmed"
"Bacteroidetes_975","Confirmed"
"Bacteroidetes_991","Confirmed"
"Bacteroidetes_997","Confirmed"
"Firmicutes_Tenericutes_3380","Confirmed"
"Firmicutes_Tenericutes_884","Confirmed"
"Nitrospirae_6","Tentative"
"Proteobacteria_2670","Tentative"
"Proteobacteria_5215","Confirmed"
"Proteobacteria_6016","Confirmed"
"Proteobacteria_6026","Confirmed"
"Proteobacteria_6153","Tentative"
"Proteobacteria_6782","Tentative"
"Proteobacteria_6937","Tentative"
"Proteobacteria_7061","Tentative"
"Verrucomicrobia_27","Tentative"
"Planctomycetes_53","Tentative"
"Proteobacteria_5221","Confirmed"
"Verrucomicrobia_6","Confirmed"
"Chloroflexi_22","Tentative"
"Spirochaetes_30","Confirmed"
"Verrucomicrobia_11","Confirmed"
"Proteobacteria_6041","Tentative"
"Planctomycetes_61","Tentative"
"Proteobacteria_1938","Confirmed"
"Proteobacteria_6970","Tentative"
"Bacteroidetes_90","Tentative"
"archaea_164","Confirmed"
"archaea_171","Confirmed"
