"","boruta_class_RA"
"Actinobacteria_174","Confirmed"
"Actinobacteria_177","Tentative"
"Bacteroidetes_1010","Confirmed"
"Bacteroidetes_1011","Confirmed"
"Bacteroidetes_1015","Tentative"
"Bacteroidetes_1038","Confirmed"
"Bacteroidetes_1039","Tentative"
"Bacteroidetes_1110","Tentative"
"Bacteroidetes_1118","Confirmed"
"Bacteroidetes_903","Confirmed"
"Bacteroidetes_951","Tentative"
"Bacteroidetes_975","Tentative"
"Bacteroidetes_977","Confirmed"
"Bacteroidetes_991","Confirmed"
"Planctomycetes_37","Tentative"
"Proteobacteria_1590","Confirmed"
"Proteobacteria_2666","Tentative"
"Proteobacteria_2670","Confirmed"
"Proteobacteria_2713","Tentative"
"Proteobacteria_2773","Confirmed"
"Proteobacteria_2797","Tentative"
"Proteobacteria_4248","Tentative"
"Proteobacteria_4980","Tentative"
"Proteobacteria_5216","Confirmed"
"Proteobacteria_5952","Tentative"
"Proteobacteria_5962","Confirmed"
"Proteobacteria_6000","Tentative"
"Proteobacteria_6016","Confirmed"
"Proteobacteria_6042","Confirmed"
"Proteobacteria_6086","Confirmed"
"Proteobacteria_6101","Confirmed"
"Proteobacteria_6421","Tentative"
"Proteobacteria_6566","Tentative"
"Proteobacteria_6571","Confirmed"
"Verrucomicrobia_27","Tentative"
"Acidobacteria_6","Tentative"
"Actinobacteria_175","Confirmed"
"Bacteroidetes_1055","Confirmed"
"Bacteroidetes_94","Tentative"
"Chloroflexi_22","Confirmed"
"Chloroflexi_41","Tentative"
"Chloroflexi_42","Confirmed"
"Chloroflexi_43","Confirmed"
"Chloroflexi_8","Confirmed"
"Firmicutes_Tenericutes_3744","Confirmed"
"Firmicutes_Tenericutes_3808","Confirmed"
"Firmicutes_Tenericutes_3943","Confirmed"
"Planctomycetes_43","Tentative"
"Planctomycetes_59","Confirmed"
"Planctomycetes_61","Tentative"
"Proteobacteria_1580","Confirmed"
"Proteobacteria_2649","Confirmed"
"Proteobacteria_2657","Tentative"
"Proteobacteria_5210","Tentative"
"Proteobacteria_6456","Tentative"
"Proteobacteria_6585","Tentative"
"Verrucomicrobia_12","Tentative"
"Bacteroidetes_976","Confirmed"
"Proteobacteria_6062","Tentative"
"Proteobacteria_2653","Confirmed"
"Proteobacteria_5220","Tentative"
"Proteobacteria_6945","Tentative"
"Proteobacteria_6627","Confirmed"
"Proteobacteria_6977","Confirmed"
"archaea_193","Confirmed"
"archaea_194","Confirmed"
"archaea_521","Confirmed"
