"","x"
"ERR7134257.trimmed.SILVA.16S.exp.",179.405939677914
"ERR7134115.trimmed.SILVA.16S.exp.",131.85288251681
"ERR7134569.trimmed.SILVA.16S.exp.",136.324270404468
"ERR7133944.trimmed.SILVA.16S.exp.",135.699239221022
"ERR7133994.trimmed.SILVA.16S.exp.",188.331108571261
"ERR7134215.trimmed.SILVA.16S.exp.",103.816921367735
"ERR7133955.trimmed.SILVA.16S.exp.",136.493597831396
"ERR7133993.trimmed.SILVA.16S.exp.",155.361551435182
"ERR7133954.trimmed.SILVA.16S.exp.",140.457057772522
"ERR7134580.trimmed.SILVA.16S.exp.",153.170240453053
