"SampleID","Predicted_value","Actual_value"
"ERR7133837.trimmed.SILVA.16S.exp.",70.051887868576,49.7096003
"ERR7133936.trimmed.SILVA.16S.exp.",100.565916142877,102.703336
"ERR7133941.trimmed.SILVA.16S.exp.",92.6593072728052,103.7252177
"ERR7133951.trimmed.SILVA.16S.exp.",54.6874604227394,113.5013694
"ERR7133994.trimmed.SILVA.16S.exp.",353.605174177044,411.7491937
"ERR7134024.trimmed.SILVA.16S.exp.",90.5673211207615,244.1606449
"ERR7134034.trimmed.SILVA.16S.exp.",255.353817057085,261.3611461
"ERR7134048.trimmed.SILVA.16S.exp.",65.7751839000294,46.10445158
"ERR7134060.trimmed.SILVA.16S.exp.",74.8835624117874,61.38637607
"ERR7134094.trimmed.SILVA.16S.exp.",244.913635079465,229.0111758
"ERR7134103.trimmed.SILVA.16S.exp.",167.179729106664,77.10061668
"ERR7134115.trimmed.SILVA.16S.exp.",128.101908558233,320.4917454
"ERR7134120.trimmed.SILVA.16S.exp.",63.612986149055,43.53474083
"ERR7134133.trimmed.SILVA.16S.exp.",366.135498469184,130.6841642
"ERR7134135.trimmed.SILVA.16S.exp.",71.8449354200977,93.5140429
"ERR7134143.trimmed.SILVA.16S.exp.",70.7391841352303,32.2282078
"ERR7134145.trimmed.SILVA.16S.exp.",155.097409262709,181.8779956
"ERR7134149.trimmed.SILVA.16S.exp.",5.7229927404622,2.895087054
"ERR7134162.trimmed.SILVA.16S.exp.",4.4643484581544,1.688717985
"ERR7134204.trimmed.SILVA.16S.exp.",352.776893105418,212.911532
"ERR7134215.trimmed.SILVA.16S.exp.",226.047799903074,447.7498981
"ERR7134221.trimmed.SILVA.16S.exp.",185.131795463084,111.994345
"ERR7134359.trimmed.SILVA.16S.exp.",72.1970316942008,14.1108384
"ERR7134365.trimmed.SILVA.16S.exp.",4.9058402878142,2.716507984
"ERR7134453.trimmed.SILVA.16S.exp.",3.70285687647986,1.427251894
"ERR7134458.trimmed.SILVA.16S.exp.",2.9140006868704,2.433146482
"ERR7134519.trimmed.SILVA.16S.exp.",2.9321898040535,5.596987531
"ERR7134537.trimmed.SILVA.16S.exp.",89.0751557474185,87.26577882
"ERR7134539.trimmed.SILVA.16S.exp.",148.721644688365,195.5102992
"ERR7134541.trimmed.SILVA.16S.exp.",146.384944575788,213.7890293
"ERR7134552.trimmed.SILVA.16S.exp.",90.8348561892262,56.44688921
"ERR7134554.trimmed.SILVA.16S.exp.",79.3590265154817,43.47990013
"ERR7134561.trimmed.SILVA.16S.exp.",82.9485518464083,70.36674867
"ERR7134562.trimmed.SILVA.16S.exp.",69.0074067305203,44.26657013
"ERR7134580.trimmed.SILVA.16S.exp.",224.070625532637,851.9904259
"ERR7134587.trimmed.SILVA.16S.exp.",56.9431978668359,161.160474
"ERR7134589.trimmed.SILVA.16S.exp.",107.202518480774,99.121072
"ERR7134655.trimmed.SILVA.16S.exp.",3.70451464856433,2.190216645
"ERR7134752.trimmed.SILVA.16S.exp.",246.42382972925,29.76860558
