"","x"
"ERR7134001.trimmed.SILVA.16S.exp.",1.95327929943833
"ERR7134721.trimmed.SILVA.16S.exp.",10.4485242299964
"ERR7134453.trimmed.SILVA.16S.exp.",3.83005582063017
"ERR7134744.trimmed.SILVA.16S.exp.",5.62655548321052
"ERR7134287.trimmed.SILVA.16S.exp.",2.8312489615904
"ERR7134162.trimmed.SILVA.16S.exp.",2.61913412288457
"ERR7134238.trimmed.SILVA.16S.exp.",2.23165173210006
"ERR7134402.trimmed.SILVA.16S.exp.",7.8901168217791
"ERR7134470.trimmed.SILVA.16S.exp.",2.70640711387257
"ERR7134475.trimmed.SILVA.16S.exp.",3.50160989971316
"ERR7134682.trimmed.SILVA.16S.exp.",3.53195535950737
"ERR7134282.trimmed.SILVA.16S.exp.",2.96871043005657
"ERR7134655.trimmed.SILVA.16S.exp.",2.72847731198877
"ERR7134690.trimmed.SILVA.16S.exp.",5.10487492514657
"ERR7134458.trimmed.SILVA.16S.exp.",2.7413440598704
"ERR7134365.trimmed.SILVA.16S.exp.",4.86553646899166
"ERR7134673.trimmed.SILVA.16S.exp.",3.81059851963614
"ERR7134149.trimmed.SILVA.16S.exp.",3.60853516409516
"ERR7134140.trimmed.SILVA.16S.exp.",3.72249609828053
"ERR7134665.trimmed.SILVA.16S.exp.",3.18382611188133
"ERR7134375.trimmed.SILVA.16S.exp.",3.5350764905145
"ERR7134492.trimmed.SILVA.16S.exp.",4.8181358971274
"ERR7134486.trimmed.SILVA.16S.exp.",4.01242274312537
"ERR7134291.trimmed.SILVA.16S.exp.",4.05401012730219
"ERR7134262.trimmed.SILVA.16S.exp.",5.66929115528563
"ERR7134351.trimmed.SILVA.16S.exp.",12.3276858783715
"ERR7134370.trimmed.SILVA.16S.exp.",6.66763012938205
"ERR7134731.trimmed.SILVA.16S.exp.",4.34280313550363
"ERR7134346.trimmed.SILVA.16S.exp.",5.10650056443303
"ERR7134519.trimmed.SILVA.16S.exp.",4.61254348815173
"ERR7134463.trimmed.SILVA.16S.exp.",7.44259804386782
"ERR7134272.trimmed.SILVA.16S.exp.",5.53790139290543
"ERR7134211.trimmed.SILVA.16S.exp.",5.85986315242053
"ERR7134222.trimmed.SILVA.16S.exp.",6.50095592002134
"ERR7134759.trimmed.SILVA.16S.exp.",7.78099347907142
"ERR7134697.trimmed.SILVA.16S.exp.",10.7814632318598
"ERR7134359.trimmed.SILVA.16S.exp.",57.8997022595814
"ERR7134725.trimmed.SILVA.16S.exp.",52.8436774900658
"ERR7134427.trimmed.SILVA.16S.exp.",22.9008022284594
"ERR7134548.trimmed.SILVA.16S.exp.",53.2556722770897
"ERR7134637.trimmed.SILVA.16S.exp.",67.2444735543042
"ERR7134752.trimmed.SILVA.16S.exp.",80.5370027128384
"ERR7134143.trimmed.SILVA.16S.exp.",43.81895687975
"ERR7134774.trimmed.SILVA.16S.exp.",59.1887249029436
"ERR7134379.trimmed.SILVA.16S.exp.",53.9442333633244
"ERR7133974.trimmed.SILVA.16S.exp.",76.4092563342277
"ERR7134531.trimmed.SILVA.16S.exp.",70.6752860554772
"ERR7134247.trimmed.SILVA.16S.exp.",82.3870385054534
"ERR7134180.trimmed.SILVA.16S.exp.",63.2255137455172
"ERR7134554.trimmed.SILVA.16S.exp.",55.5613653548207
"ERR7134120.trimmed.SILVA.16S.exp.",56.374352141925
"ERR7133981.trimmed.SILVA.16S.exp.",60.5024063481593
"ERR7134562.trimmed.SILVA.16S.exp.",48.6492149574079
"ERR7133828.trimmed.SILVA.16S.exp.",53.3075081176447
"ERR7134048.trimmed.SILVA.16S.exp.",51.144126085426
"ERR7134546.trimmed.SILVA.16S.exp.",71.1207484232588
"ERR7134557.trimmed.SILVA.16S.exp.",72.9152615180789
"ERR7133837.trimmed.SILVA.16S.exp.",54.0524172431987
"ERR7134157.trimmed.SILVA.16S.exp.",86.9796857020405
"ERR7134552.trimmed.SILVA.16S.exp.",64.9757698792454
"ERR7134588.trimmed.SILVA.16S.exp.",94.4061757733762
"ERR7134139.trimmed.SILVA.16S.exp.",70.4085661256203
"ERR7134155.trimmed.SILVA.16S.exp.",62.1476172290287
"ERR7133938.trimmed.SILVA.16S.exp.",72.0149471651674
"ERR7134060.trimmed.SILVA.16S.exp.",72.9269149541794
"ERR7134193.trimmed.SILVA.16S.exp.",71.4856268309508
"ERR7134195.trimmed.SILVA.16S.exp.",69.6483026489483
"ERR7134538.trimmed.SILVA.16S.exp.",70.9064365250388
"ERR7134198.trimmed.SILVA.16S.exp.",63.8062339091927
"ERR7134046.trimmed.SILVA.16S.exp.",75.7898599520552
"ERR7134182.trimmed.SILVA.16S.exp.",73.3985489380233
"ERR7134561.trimmed.SILVA.16S.exp.",75.288897265141
"ERR7133980.trimmed.SILVA.16S.exp.",84.4575943970045
"ERR7134010.trimmed.SILVA.16S.exp.",84.9824574682891
"ERR7134117.trimmed.SILVA.16S.exp.",120.4926742459
"ERR7134593.trimmed.SILVA.16S.exp.",96.7172891259275
"ERR7134583.trimmed.SILVA.16S.exp.",88.5874942614753
"ERR7134103.trimmed.SILVA.16S.exp.",118.299673400571
"ERR7134597.trimmed.SILVA.16S.exp.",95.4830998295398
"ERR7134598.trimmed.SILVA.16S.exp.",71.3298592665923
"ERR7134590.trimmed.SILVA.16S.exp.",85.1338086759657
"ERR7134549.trimmed.SILVA.16S.exp.",82.4510097604913
"ERR7134016.trimmed.SILVA.16S.exp.",91.8220762127641
"ERR7134537.trimmed.SILVA.16S.exp.",85.6310756076367
"ERR7133977.trimmed.SILVA.16S.exp.",88.5750125172666
"ERR7134135.trimmed.SILVA.16S.exp.",92.5348938134337
"ERR7134584.trimmed.SILVA.16S.exp.",144.985897472305
"ERR7134035.trimmed.SILVA.16S.exp.",116.738514878041
"ERR7134003.trimmed.SILVA.16S.exp.",89.323895459369
"ERR7134589.trimmed.SILVA.16S.exp.",105.03085047582
"ERR7133936.trimmed.SILVA.16S.exp.",103.063462115774
"ERR7133941.trimmed.SILVA.16S.exp.",99.0598854423651
"ERR7134008.trimmed.SILVA.16S.exp.",93.3315609822368
"ERR7133943.trimmed.SILVA.16S.exp.",90.7875521414382
"ERR7134595.trimmed.SILVA.16S.exp.",101.537791766723
"ERR7133885.trimmed.SILVA.16S.exp.",99.5612362297596
"ERR7134221.trimmed.SILVA.16S.exp.",126.995673429954
"ERR7134201.trimmed.SILVA.16S.exp.",94.4737409546621
"ERR7133951.trimmed.SILVA.16S.exp.",93.3970199656786
"ERR7134534.trimmed.SILVA.16S.exp.",105.993339338833
"ERR7134551.trimmed.SILVA.16S.exp.",116.454135727017
"ERR7134543.trimmed.SILVA.16S.exp.",140.064253024938
"ERR7134133.trimmed.SILVA.16S.exp.",144.418783919581
"ERR7134533.trimmed.SILVA.16S.exp.",119.302558774772
"ERR7134144.trimmed.SILVA.16S.exp.",119.203398168334
"ERR7134167.trimmed.SILVA.16S.exp.",115.329399644571
"ERR7133895.trimmed.SILVA.16S.exp.",135.730465475862
"ERR7134245.trimmed.SILVA.16S.exp.",147.610525384255
"ERR7134031.trimmed.SILVA.16S.exp.",123.031607751802
"ERR7134019.trimmed.SILVA.16S.exp.",129.360549144309
"ERR7134101.trimmed.SILVA.16S.exp.",141.799236036568
"ERR7134587.trimmed.SILVA.16S.exp.",126.939245677779
"ERR7134148.trimmed.SILVA.16S.exp.",150.333462006037
"ERR7134545.trimmed.SILVA.16S.exp.",144.646429802211
"ERR7134097.trimmed.SILVA.16S.exp.",143.794174577978
"ERR7134145.trimmed.SILVA.16S.exp.",158.892933204379
"ERR7134147.trimmed.SILVA.16S.exp.",156.531033513182
"ERR7134539.trimmed.SILVA.16S.exp.",155.479201986414
"ERR7134098.trimmed.SILVA.16S.exp.",157.164008898266
"ERR7134540.trimmed.SILVA.16S.exp.",175.884065074764
"ERR7134542.trimmed.SILVA.16S.exp.",170.873983332305
"ERR7134204.trimmed.SILVA.16S.exp.",175.037295018859
"ERR7134541.trimmed.SILVA.16S.exp.",179.12906926867
"ERR7134544.trimmed.SILVA.16S.exp.",211.151555520184
"ERR7134094.trimmed.SILVA.16S.exp.",200.302459035972
"ERR7134586.trimmed.SILVA.16S.exp.",189.102158170964
"ERR7134579.trimmed.SILVA.16S.exp.",176.549485550596
"ERR7134024.trimmed.SILVA.16S.exp.",170.505179548539
"ERR7134034.trimmed.SILVA.16S.exp.",208.610746203622
"ERR7134216.trimmed.SILVA.16S.exp.",198.782559887935
