"","x"
"ERR7134001.trimmed.SILVA.16S.exp.",2.23773203043
"ERR7134721.trimmed.SILVA.16S.exp.",3.97927682866783
"ERR7134744.trimmed.SILVA.16S.exp.",9.4488756792764
"ERR7134287.trimmed.SILVA.16S.exp.",2.84714660493243
"ERR7134238.trimmed.SILVA.16S.exp.",2.3886608094082
"ERR7134402.trimmed.SILVA.16S.exp.",4.5887580428582
"ERR7134470.trimmed.SILVA.16S.exp.",2.62583735283784
"ERR7134475.trimmed.SILVA.16S.exp.",3.0529370553853
"ERR7134682.trimmed.SILVA.16S.exp.",2.7888189725765
"ERR7134282.trimmed.SILVA.16S.exp.",3.0697387947546
"ERR7134690.trimmed.SILVA.16S.exp.",4.03602897245537
"ERR7134673.trimmed.SILVA.16S.exp.",3.1180150670205
"ERR7134140.trimmed.SILVA.16S.exp.",3.36405967119427
"ERR7134665.trimmed.SILVA.16S.exp.",3.89278233935573
"ERR7134375.trimmed.SILVA.16S.exp.",3.82596547013206
"ERR7134492.trimmed.SILVA.16S.exp.",4.52352366788443
"ERR7134486.trimmed.SILVA.16S.exp.",4.01949483710447
"ERR7134291.trimmed.SILVA.16S.exp.",3.98920204542392
"ERR7134262.trimmed.SILVA.16S.exp.",4.941479798748
"ERR7134351.trimmed.SILVA.16S.exp.",8.99065431107876
"ERR7134370.trimmed.SILVA.16S.exp.",8.20237499470379
"ERR7134731.trimmed.SILVA.16S.exp.",4.4734240491954
"ERR7134346.trimmed.SILVA.16S.exp.",5.22622165350393
"ERR7134463.trimmed.SILVA.16S.exp.",7.28423219592765
"ERR7134272.trimmed.SILVA.16S.exp.",5.35212028200593
"ERR7134211.trimmed.SILVA.16S.exp.",5.97948627185713
"ERR7134222.trimmed.SILVA.16S.exp.",6.31104668815077
"ERR7134759.trimmed.SILVA.16S.exp.",7.35141884739419
"ERR7134697.trimmed.SILVA.16S.exp.",10.035309602144
"ERR7134725.trimmed.SILVA.16S.exp.",52.0810935837017
"ERR7134427.trimmed.SILVA.16S.exp.",30.5275665524322
"ERR7134548.trimmed.SILVA.16S.exp.",43.2345582412184
"ERR7134637.trimmed.SILVA.16S.exp.",71.7946528493462
"ERR7134774.trimmed.SILVA.16S.exp.",59.2874870322647
"ERR7134379.trimmed.SILVA.16S.exp.",51.9883569202017
"ERR7133974.trimmed.SILVA.16S.exp.",65.587609818943
"ERR7134531.trimmed.SILVA.16S.exp.",49.8278184598296
"ERR7134247.trimmed.SILVA.16S.exp.",84.7225894426512
"ERR7134180.trimmed.SILVA.16S.exp.",59.1601810497793
"ERR7133981.trimmed.SILVA.16S.exp.",55.8192555473394
"ERR7133828.trimmed.SILVA.16S.exp.",55.1860253539894
"ERR7134546.trimmed.SILVA.16S.exp.",59.0131563998225
"ERR7134557.trimmed.SILVA.16S.exp.",75.2484276127186
"ERR7134157.trimmed.SILVA.16S.exp.",83.801843139685
"ERR7134588.trimmed.SILVA.16S.exp.",72.3872841642103
"ERR7134139.trimmed.SILVA.16S.exp.",69.66274742329
"ERR7134155.trimmed.SILVA.16S.exp.",68.7333314747964
"ERR7133938.trimmed.SILVA.16S.exp.",73.5041453939492
"ERR7134193.trimmed.SILVA.16S.exp.",70.4225182938677
"ERR7134195.trimmed.SILVA.16S.exp.",69.6565870490484
"ERR7134538.trimmed.SILVA.16S.exp.",68.6854679986856
"ERR7134198.trimmed.SILVA.16S.exp.",63.3841899413868
"ERR7134046.trimmed.SILVA.16S.exp.",71.4786251356353
"ERR7134182.trimmed.SILVA.16S.exp.",72.1234884211452
"ERR7133980.trimmed.SILVA.16S.exp.",78.5355776593655
"ERR7134010.trimmed.SILVA.16S.exp.",88.0795693547372
"ERR7134117.trimmed.SILVA.16S.exp.",160.167552518617
"ERR7134593.trimmed.SILVA.16S.exp.",85.7160554598001
"ERR7134583.trimmed.SILVA.16S.exp.",97.6985876631944
"ERR7134597.trimmed.SILVA.16S.exp.",97.613500099659
"ERR7134598.trimmed.SILVA.16S.exp.",68.9736627483873
"ERR7134590.trimmed.SILVA.16S.exp.",83.0981241979821
"ERR7134549.trimmed.SILVA.16S.exp.",81.4132775874726
"ERR7134016.trimmed.SILVA.16S.exp.",93.8035905788323
"ERR7133977.trimmed.SILVA.16S.exp.",89.9570449105836
"ERR7134584.trimmed.SILVA.16S.exp.",186.8059028387
"ERR7134035.trimmed.SILVA.16S.exp.",157.445210522997
"ERR7134003.trimmed.SILVA.16S.exp.",83.4218349200225
"ERR7134008.trimmed.SILVA.16S.exp.",89.4131428463599
"ERR7133943.trimmed.SILVA.16S.exp.",92.3922463201946
"ERR7134595.trimmed.SILVA.16S.exp.",101.831710426844
"ERR7133885.trimmed.SILVA.16S.exp.",104.558534977098
"ERR7134201.trimmed.SILVA.16S.exp.",99.8161170617437
"ERR7134534.trimmed.SILVA.16S.exp.",105.414948990527
"ERR7134551.trimmed.SILVA.16S.exp.",113.572423822323
"ERR7134543.trimmed.SILVA.16S.exp.",136.394194509035
"ERR7134533.trimmed.SILVA.16S.exp.",119.216494187334
"ERR7134144.trimmed.SILVA.16S.exp.",119.800895914064
"ERR7134167.trimmed.SILVA.16S.exp.",112.350844166511
"ERR7133895.trimmed.SILVA.16S.exp.",141.945649451961
"ERR7134245.trimmed.SILVA.16S.exp.",161.237867556067
"ERR7134031.trimmed.SILVA.16S.exp.",123.148449892529
"ERR7134019.trimmed.SILVA.16S.exp.",123.341142762544
"ERR7134101.trimmed.SILVA.16S.exp.",136.975336966682
"ERR7134148.trimmed.SILVA.16S.exp.",226.65600998697
"ERR7134545.trimmed.SILVA.16S.exp.",141.199993100786
"ERR7134097.trimmed.SILVA.16S.exp.",130.214907522108
"ERR7134147.trimmed.SILVA.16S.exp.",230.661959884505
"ERR7134098.trimmed.SILVA.16S.exp.",157.612853726246
"ERR7134540.trimmed.SILVA.16S.exp.",248.088134741232
"ERR7134542.trimmed.SILVA.16S.exp.",173.549811804366
"ERR7134544.trimmed.SILVA.16S.exp.",238.033904598246
"ERR7134586.trimmed.SILVA.16S.exp.",226.908450010374
"ERR7134579.trimmed.SILVA.16S.exp.",174.793304367595
"ERR7134216.trimmed.SILVA.16S.exp.",247.195048174915
"ERR7134257.trimmed.SILVA.16S.exp.",258.88432832171
"ERR7134569.trimmed.SILVA.16S.exp.",261.612112994071
"ERR7133944.trimmed.SILVA.16S.exp.",371.319496023312
"ERR7133955.trimmed.SILVA.16S.exp.",411.726283397478
"ERR7133993.trimmed.SILVA.16S.exp.",446.37672809221
"ERR7133954.trimmed.SILVA.16S.exp.",445.70273100985
