,superkingdom,phylum,clade,class,order,family,genus,species,strain,taxon
archaea_161,Archaea,Candidatus Thermoplasmatota,,Thermoplasmata,Methanomassiliicoccales,Candidatus Methanomethylophilaceae,Candidatus Methanomethylophilus,Candidatus Methanomethylophilus alvus,Candidatus Methanomethylophilus alvus Mx1201,Candidatus Methanomethylophilus alvus Mx1201
archaea_164,Archaea,Candidatus Thermoplasmatota,,Thermoplasmata,Methanomassiliicoccales,,,,,Methanomassiliicoccales
archaea_168,Archaea,Candidatus Micrarchaeota,DPANN group,,,,,,,DPANN group
archaea_171,Archaea,Thaumarchaeota,TACK group,,Nitrosopumilales,Nitrosopumilaceae,Nitrosopumilus,Nitrosopumilus oxyclinae,,Nitrosopumilus oxyclinae
archaea_179,Archaea,Thaumarchaeota,TACK group,,Nitrosopumilales,Nitrosopumilaceae,Nitrosopumilus,Nitrosopumilus maritimus,Nitrosopumilus maritimus SCM1,Nitrosopumilus maritimus SCM1
archaea_188,Archaea,Thaumarchaeota,TACK group,,Nitrosopumilales,Nitrosopumilaceae,,,,Nitrosopumilaceae
archaea_193,Archaea,Thaumarchaeota,TACK group,,,,Candidatus Nitrosopelagicus,Candidatus Nitrosopelagicus brevis,,Candidatus Nitrosopelagicus brevis
archaea_194,Archaea,Thaumarchaeota,TACK group,,,,,,,
archaea_192,Archaea,Thaumarchaeota,TACK group,,Nitrosopumilales,Nitrosopumilaceae,,,,Nitrosopumilaceae
archaea_175,Archaea,Thaumarchaeota,TACK group,,Nitrosopumilales,Nitrosopumilaceae,Nitrosopumilus,Candidatus Nitrosopumilus sediminis,,Candidatus Nitrosopumilus sediminis
archaea_199,Archaea,Thaumarchaeota,TACK group,,,,Candidatus Nitrosotenuis,,,Candidatus Nitrosotenuis
archaea_521,Archaea,Candidatus Nanohaloarchaeota,DPANN group,Candidatus Nanohalobia,Candidatus Nanohalobiales,Candidatus Nanohalobiaceae,Candidatus Nanohalobium,Candidatus Nanohalobium constans,,Candidatus Nanohalobium constans
archaea_190,Archaea,Thaumarchaeota,TACK group,,Nitrosopumilales,Nitrosopumilaceae,,,,Nitrosopumilaceae
archaea_200,Archaea,Thaumarchaeota,TACK group,,,,,,,
archaea_214,Archaea,Thaumarchaeota,TACK group,,,,,,,TACK group
archaea_186,Archaea,Thaumarchaeota,TACK group,,Nitrosopumilales,Nitrosopumilaceae,Nitrosopumilus,Nitrosopumilus ureiphilus,,Nitrosopumilus ureiphilus
archaea_162,Archaea,Candidatus Thermoplasmatota,,Thermoplasmata,Methanomassiliicoccales,,,,,Methanomassiliicoccales
archaea_184,Archaea,Thaumarchaeota,TACK group,,Nitrosopumilales,Nitrosopumilaceae,,,,Nitrosopumilaceae
archaea_185,Archaea,Thaumarchaeota,TACK group,,Nitrosopumilales,Nitrosopumilaceae,Nitrosopumilus,Nitrosopumilus adriaticus,,Nitrosopumilus adriaticus
archaea_350,Archaea,Candidatus Lokiarchaeota,Asgard group,,,,Candidatus Prometheoarchaeum,Candidatus Prometheoarchaeum syntrophicum,,Candidatus Prometheoarchaeum syntrophicum
archaea_7,Archaea,Euryarchaeota,Stenosarchaea group,Halobacteria,Halobacteriales,Haloarculaceae,Halorhabdus,Halorhabdus utahensis,Halorhabdus utahensis DSM 12940,Halorhabdus utahensis DSM 12940
archaea_24,Archaea,Euryarchaeota,Stenosarchaea group,Halobacteria,Halobacteriales,Haloarculaceae,Halorientalis,Halorientalis sp. IM1011,,Halorientalis sp. IM1011
archaea_205,Archaea,Thaumarchaeota,TACK group,Nitrososphaeria,Nitrososphaerales,Nitrososphaeraceae,Candidatus Nitrosocosmicus,,,Candidatus Nitrosocosmicus
archaea_6,Archaea,Euryarchaeota,Stenosarchaea group,Halobacteria,Halobacteriales,Haloarculaceae,Halorhabdus,Halorhabdus tiamatea,Halorhabdus tiamatea SARL4B,Halorhabdus tiamatea SARL4B
archaea_160,Archaea,Candidatus Thermoplasmatota,,Thermoplasmata,Methanomassiliicoccales,Methanomassiliicoccaceae,Candidatus Methanoplasma,Candidatus Methanoplasma termitum,,Candidatus Methanoplasma termitum
archaea_212,Archaea,Thaumarchaeota,TACK group,,,,,,,TACK group
archaea_169,Archaea,Candidatus Korarchaeota,TACK group,,,,Candidatus Korarchaeum,Candidatus Korarchaeum cryptofilum,Candidatus Korarchaeum cryptofilum OPF8,Candidatus Korarchaeum cryptofilum OPF8
archaea_170,Archaea,Thaumarchaeota,TACK group,,Nitrosopumilales,Nitrosopumilaceae,Candidatus Nitrosomarinus,Candidatus Nitrosomarinus catalina,,Candidatus Nitrosomarinus catalina
archaea_191,Archaea,Thaumarchaeota,TACK group,,Nitrosopumilales,Nitrosopumilaceae,Nitrosarchaeum,Nitrosarchaeum sp. AC2,,Nitrosarchaeum sp. AC2
archaea_375,Archaea,Euryarchaeota,Methanomada group,Methanobacteria,Methanobacteriales,Methanobacteriaceae,Methanobrevibacter,,,Methanobrevibacter
archaea_384,Archaea,Euryarchaeota,Methanomada group,Methanobacteria,Methanobacteriales,Methanobacteriaceae,Methanobacterium,Methanobacterium congolense,,Methanobacterium congolense
archaea_165,Archaea,Candidatus Thermoplasmatota,,,,,,,,Candidatus Thermoplasmatota
archaea_211,Archaea,Thaumarchaeota,TACK group,Nitrososphaeria,Nitrososphaerales,Nitrososphaeraceae,,,,Nitrososphaeraceae
archaea_210,Archaea,Thaumarchaeota,TACK group,Nitrososphaeria,Nitrososphaerales,Nitrososphaeraceae,Nitrososphaera,,,Nitrososphaera
archaea_174,Archaea,Thaumarchaeota,TACK group,,Nitrosopumilales,Nitrosopumilaceae,,,,Nitrosopumilaceae
archaea_189,Archaea,Thaumarchaeota,TACK group,,Nitrosopumilales,Nitrosopumilaceae,Nitrosopumilus,Nitrosopumilus sp. K4,,Nitrosopumilus sp. K4
archaea_216,Archaea,Thaumarchaeota,TACK group,,,,,,,TACK group
archaea_142,Archaea,Euryarchaeota,Stenosarchaea group,Methanomicrobia,Methanosarcinales,Methanosarcinaceae,,,,Methanosarcinaceae
archaea_202,Archaea,Thaumarchaeota,TACK group,Nitrososphaeria,Nitrososphaerales,Nitrososphaeraceae,Candidatus Nitrosocosmicus,Candidatus Nitrosocosmicus oleophilus,,Candidatus Nitrosocosmicus oleophilus
archaea_597,Archaea,Euryarchaeota,Stenosarchaea group,Halobacteria,Halobacteriales,Halobacteriaceae,Halalkalicoccus,Halalkalicoccus jeotgali,Halalkalicoccus jeotgali B3,Halalkalicoccus jeotgali B3
archaea_217,Archaea,,,,,,,,,Archaea
archaea_61,Archaea,Euryarchaeota,Stenosarchaea group,Methanomicrobia,Methanomicrobiales,Methanospirillaceae,Methanospirillum,Methanospirillum hungatei,,Methanospirillum hungatei
archaea_203,Archaea,Thaumarchaeota,TACK group,Nitrososphaeria,Nitrososphaerales,Nitrososphaeraceae,Candidatus Nitrosocosmicus,Candidatus Nitrosocosmicus hydrocola,,Candidatus Nitrosocosmicus hydrocola
