,taxa,IncMSE from Random Forest,adj-R2 of linear regression with BP
1,Luteitalea pratensis,15.4080121,0.048164606
2,Ilumatobacter coccineus YM16-304,7.913529025,0.082002795
3,Actinomarinicola tropica,8.521871776,0.043336666
4,Acidimicrobiales,15.35095675,0.060607089
5,unidentified bacteria,13.29777403,0.00850061
6,unidentified bacteria,30.26417699,0.078236291
7,unidentified bacteria,18.84564161,0.068307538
8,Formosa sp.,558.6645713,0.291568698
9,Formosa sediminum,399.6252118,0.158349982
10,Lacinutrix sp.,95.07965051,0.318380228
11,Olleya sp. Bg11-27,31.49146587,0.236669626
12,Flavobacteriaceae,3.865022297,0.023252615
13,Altibacter sp. ALE3EI,55.9227002,0.321941436
14,Flavobacteriaceae,4.185854487,0.043949017
15,Flavobacteriaceae,173.6833112,0.393102285
16,Tenacibaculum,27.77508266,0.158209111
17,Polaribacter sp. L3A8,9.709401248,0.023703306
18,FCB group,72.52141753,0.340740603
19,Bernardetia litoralis DSM 6794,21.76323142,0.128909602
20,Flavobacteriaceae,50.63481769,0.305193051
21,Cytophagales,8.831596497,0.001032573
22,Cellulophaga,50.90299925,0.123509093
23,Kordia,20.53779829,0.244848824
24,Formosa sp.,75.78237554,0.178835143
25,Formosa sp.,99.25133444,0.202472377
26,Seonamhaeicola sp. S2-3,14.72198867,0.288887349
27,Flavobacteriaceae,87.17480437,0.251330304
28,Flavivirga eckloniae,6.75662245,0.024056126
30,Terrabacteria group,33.53311187,0.048239251
31,Tepidiforma bonchosmolovskayae,31.85283894,0.052101456
32,Pelolinea submarina,7.580641405,0.033462266
33,Dehalococcoidia,4.046128799,0.024173466
34,Terrabacteria group,3.760476791,0.042805871
35,Halanaerobiaceae,0.653268988,0.007636601
36,Terrabacteria group,40.37540938,0.16264443
37,Terrabacteria group,57.85243297,0.042748789
38,Peptostreptococcaceae,18.48532288,0.089724952
39,Terrabacteria group,10.44572099,0.046838266
40,Clostridium sp. 'deep sea',10.51940992,0.077456129
41,Mycoplasmataceae,22.32580061,0.025257584
42,Planctopirus,15.83979563,0.041387586
43,Sedimentisphaerales,3.678958204,0.038555907
44,Phycisphaera mikurensis NBRC 102666,9.912854624,0.00334754
45,Candidatus Kuenenia stuttgartiensis,32.59348145,0.046790471
46,Planctomycetia,11.00426356,0.025964166
47,Planctomycetia,13.87658728,0.034574398
48,PVC group,8.702969143,0.017362389
49,Microbulbifer,20.04384934,0.072762819
50,Halieaceae,95.83170557,0.394085688
51,Azotobacter chroococcum NCIMB 8003,1.748976848,-0.00247279
52,Thiohalobacter thiocyanaticus,15.61381246,0.057953156
53,Candidatus Thioglobus sp. NP1,10.65804674,0.055344311
54,unidentified bacteria,4.794123711,0.035651595
55,Proteobacteria,419.6486246,0.488013381
56,unidentified bacteria,172.7520969,0.387987565
57,Methylophilaceae,34.80303325,0.487729278
58,unidentified bacteria,4.588316192,0.126922616
59,Ectothiorhodospiraceae,217.978906,0.375538186
60,Syntrophobacteraceae,6.249429272,0.018953998
61,Syntrophaceae,5.519234457,0.020502559
62,Myxococcales,15.45174605,0.026744408
63,Bacteriovoracales,25.2450153,0.014984193
64,Candidatus Fonsibacter ubiquis,14.23955148,0.136575598
65,Candidatus Pelagibacter sp. FZCC0015,31.71563428,0.004343348
66,Candidatus Pelagibacter ubique,479.6251531,0.574758723
67,Candidatus Pelagibacter,19.76679389,0.006160292
68,Pelagibacterales,14.8826422,0.079763425
69,Candidatus Paracaedibacter acanthamoebae,11.9865633,-0.004088694
70,Roseitalea porphyridii,166.3453023,0.059012778
71,Rhodobacteraceae,-0.380600462,0.157000734
72,Roseovarius faecimaris,402.2298125,0.476770411
73,Ruegeria,23.09037612,0.224619337
74,Phaeobacter,20.66827487,0.107207345
75,Rhodobacteraceae,148.0506298,0.399692432
76,Sulfitobacter pontiacus,27.54004909,0.415209582
77,Sulfitobacter sp. SK011,7.071449606,-0.002187422
78,Rhodobacteraceae,13.92334656,0.175032655
79,Rhodobacteraceae,14.26319519,0.197234125
80,Planktomarina temperata,161.8524889,0.442194963
81,Celeribacter marinus,37.5246335,0.219321565
82,Rhodobacteraceae,21.71100971,0.029836748
83,Hyphomonadaceae,410.0789887,0.481068826
84,Magnetospira sp. QH-2,13.97541127,0.033622171
85,Alphaproteobacteria,21.38579951,0.059279456
86,Candidatus Puniceispirillum marinum,254.723267,0.38624485
87,Proteobacteria,9.956898834,0.06725115
88,Alkalilimnicola ehrlichii MLHE-1,26.49153084,0.112362474
89,Gammaproteobacteria,333.7905954,0.284812242
90,Halomonadaceae,31.9570541,0.530470666
91,Oceanospirillaceae,23.58346624,0.317756758
92,Marinomonas,14.32282804,0.041345466
93,Thalassotalea crassostreae,0.167095786,-0.003073818
94,Hydrogenophaga crassostreae,14.06391863,0.127539417
95,Nibricoccus aquaticus,11.91636772,0.037312234
96,PVC group,6.720402401,0.038330624
97,Verrucomicrobiales,31.8792477,0.018869844