"","boruta_class_RA"
"archaea_193","Confirmed"
"Bacteroidetes_1010","Confirmed"
"Bacteroidetes_1011","Confirmed"
"Bacteroidetes_1015","Confirmed"
"Bacteroidetes_1019","Tentative"
"Bacteroidetes_1118","Confirmed"
"Bacteroidetes_1155","Tentative"
"Bacteroidetes_977","Confirmed"
"Firmicutes_Tenericutes_3744","Confirmed"
"Firmicutes_Tenericutes_3808","Confirmed"
"Proteobacteria_2205","Tentative"
"Proteobacteria_3592","Tentative"
"Proteobacteria_4248","Confirmed"
"Proteobacteria_5213","Confirmed"
"Proteobacteria_5427","Confirmed"
"Proteobacteria_5599","Tentative"
"Proteobacteria_5952","Tentative"
"Proteobacteria_5962","Confirmed"
"Proteobacteria_5971","Tentative"
"Proteobacteria_5995","Tentative"
"Proteobacteria_6035","Tentative"
"Proteobacteria_6036","Confirmed"
"Proteobacteria_6598","Tentative"
"Proteobacteria_6922","Tentative"
"Acidobacteria_6","Tentative"
"Actinobacteria_173","Tentative"
"Actinobacteria_174","Tentative"
"Actinobacteria_175","Tentative"
"Actinobacteria_177","Tentative"
"archaea_164","Tentative"
"archaea_171","Tentative"
"Bacteroidetes_1027","Tentative"
"Bacteroidetes_1038","Confirmed"
"Bacteroidetes_1055","Tentative"
"Bacteroidetes_1110","Confirmed"
"Bacteroidetes_112","Tentative"
"Bacteroidetes_1124","Tentative"
"Bacteroidetes_1153","Tentative"
"Bacteroidetes_518","Tentative"
"Bacteroidetes_90","Tentative"
"Bacteroidetes_903","Tentative"
"Bacteroidetes_94","Tentative"
"Bacteroidetes_951","Confirmed"
"Bacteroidetes_975","Tentative"
"Bacteroidetes_976","Confirmed"
"Bacteroidetes_991","Tentative"
"Bacteroidetes_996","Confirmed"
"Bacteroidetes_997","Confirmed"
"Chloroflexi_2","Confirmed"
"Chloroflexi_22","Confirmed"
"Chloroflexi_4","Tentative"
"Chloroflexi_41","Tentative"
"Chloroflexi_8","Tentative"
"Firmicutes_Tenericutes_3380","Tentative"
"Firmicutes_Tenericutes_3742","Confirmed"
"Firmicutes_Tenericutes_3795","Tentative"
"Firmicutes_Tenericutes_3943","Tentative"
"Firmicutes_Tenericutes_884","Confirmed"
"Gemmatimonadetes_0","Tentative"
"Planctomycetes_3","Tentative"
"Planctomycetes_34","Tentative"
"Planctomycetes_37","Tentative"
"Planctomycetes_43","Tentative"
"Planctomycetes_59","Tentative"
"Planctomycetes_61","Tentative"
"Planctomycetes_68","Tentative"
"Proteobacteria_1559","Tentative"
"Proteobacteria_1590","Confirmed"
"Proteobacteria_1599","Tentative"
"Proteobacteria_1938","Tentative"
"Proteobacteria_2649","Tentative"
"Proteobacteria_2666","Tentative"
"Proteobacteria_2670","Confirmed"
"Proteobacteria_2773","Confirmed"
"Proteobacteria_2797","Confirmed"
"Proteobacteria_4268","Tentative"
"Proteobacteria_4272","Tentative"
"Proteobacteria_4386","Tentative"
"Proteobacteria_4404","Confirmed"
"Proteobacteria_5215","Tentative"
"Proteobacteria_5216","Confirmed"
"Proteobacteria_5218","Tentative"
"Proteobacteria_5220","Tentative"
"Proteobacteria_5221","Tentative"
"Proteobacteria_6000","Confirmed"
"Proteobacteria_6016","Confirmed"
"Proteobacteria_6026","Confirmed"
"Proteobacteria_6042","Confirmed"
"Proteobacteria_6062","Tentative"
"Proteobacteria_6086","Confirmed"
"Proteobacteria_6101","Confirmed"
"Proteobacteria_6455","Tentative"
"Proteobacteria_6456","Confirmed"
"Proteobacteria_6566","Confirmed"
"Proteobacteria_6571","Tentative"
"Proteobacteria_6627","Confirmed"
"Proteobacteria_6893","Tentative"
"Proteobacteria_6937","Tentative"
"Proteobacteria_8568","Tentative"
"Verrucomicrobia_1","Tentative"
"Verrucomicrobia_12","Tentative"
"Verrucomicrobia_27","Confirmed"
